Time,flux_normalized
1701.781330451963,0.9917425
1701.782719343985,0.9907675
1701.7841082362395,0.99226075
1701.7854971282616,0.9910462
1701.7868860202832,0.99112517
1701.7882749125376,0.9919398
1701.7896638045606,0.99299836
1701.7910526965836,0.9917735
1701.792441588838,0.99132925
1701.7938304808597,0.9919592
1701.7952193728818,0.9907204
1701.7966082651371,0.9953597
1701.7979971571592,0.99146664
1701.7993860491817,0.9910129
1701.8007749414367,0.9934997
1701.8021638334583,0.9916115
1701.80355272548,0.9913672
1701.8049416177357,0.99089855
1701.8063305097578,0.9931905
1701.8077194017794,0.9930822
1701.8091082940348,0.9947318
1701.8104971860569,0.99197143
1701.8118860780785,0.99370235
1701.8132749703334,0.99446815
1701.8146638623564,0.9931786
1701.816052754378,0.9926002
1701.8174416466325,0.99128854
1701.818830538655,0.99060905
1701.820219430677,0.9939651
1701.821608322932,0.9948059
1701.8229972149545,0.9946075
1701.8243861069766,0.9916099
1701.825774999232,0.9930255
1701.8271638912536,0.99390185
1701.8285527832757,0.9930384
1701.8299416752986,0.99253637
1701.831330567553,0.99551016
1701.8327194595747,0.99492174
1701.8341083515968,0.9959006
1701.8354972438522,0.991814
1701.8368861358742,0.9933079
1701.8382750278965,0.9935563
1701.8396639199188,0.99517286
1701.8410528121733,0.9941382
1701.842441704195,0.99609476
1701.843830596217,0.99377215
1701.84521948824,0.9967097
1701.8466083804951,0.9954235
1701.8479972725165,0.9954615
1701.849386164539,0.9937547
1701.8507750567935,0.99624956
1701.8521639488156,0.99621123
1701.8535528408386,0.99483734
1701.8563306251153,0.9963395
1701.8591084091593,0.99473757
1701.8604973011813,0.99605995
1701.8618861934367,0.9948059
1701.8632750854588,0.9947496
1701.864663977481,0.9962643
1701.8660528695025,0.9947838
1701.867441761524,0.99743557
1701.86883065378,0.99566567
1701.870219545803,0.997305
1701.8716084378245,0.99641126
1701.8729973298462,0.9991819
1701.8743862221013,0.99655056
1701.8757751141227,0.99955434
1701.8771640061452,0.99932355
1701.8785528981682,0.9984353
1701.8799417901903,0.99734586
1701.8813306824447,0.99767303
1701.8827195744664,0.99892324
1701.8841084664894,0.9975721
1701.8854973585114,0.9981789
1701.886886250533,0.9981688
1701.8882751427884,0.9975781
1701.8896640348105,0.9977641
1701.8910529268321,0.99677473
1701.8924418188542,0.9971398
1701.8938307108772,0.9993238
1701.8952196031316,0.9997166
1701.8966084951533,0.9980698
1701.8979973871758,1.0005908
1701.8993862791979,0.9979105
1701.9007751712202,0.99845856
1701.9021640634753,0.99893606
1701.9035529554974,0.9986804
1701.904941847519,1.0000075
1701.9063307395406,0.9988889
1701.9077196315632,0.9993409
1701.9091085235862,0.9960227
1701.910497415841,0.99532735
1701.9118863078627,0.99792844
1701.9132751998848,1.0007942
1701.9146640919073,0.9977033
1701.9160529839294,0.99851984
1701.917441875952,0.999563
1701.918830767974,0.9983991
1701.9202196602284,0.9988277
1701.92160855225,0.9976683
1701.9229974442721,0.99907243
1701.9243863362951,0.997505
1701.9257752283177,1.0003277
1701.9271641203393,0.99685156
1701.9285530123614,0.9977776
1701.9299419046158,1.0003922
1701.9313307966374,1.0009011
1701.9341085806834,1.0000038
1701.935497472705,0.99592376
1701.9368863647264,1.0001554
1701.9382752567487,0.9966188
1701.9396641487704,1.001169
1701.9410530410253,0.99831605
1701.9438308250708,1.0033796
1701.9452197170922,1.0012255
1701.9466086091136,1.0020053
1701.9479975011366,1.0001723
1701.9493863931596,0.99907863
1701.9507752851812,1.0008534
1701.9521641772028,0.9998989
1701.9535530692253,1.0015438
1701.9549419614796,1.002224
1701.9563308535019,1.0032463
1701.9577197455249,0.9996316
1701.959108637547,0.99770117
1701.9604975295686,0.99649626
1701.9618864215902,0.9983581
1701.9632753136127,1.0018607
1701.9646642056348,1.0002816
1701.9660530976569,1.000233
1701.9674419896794,0.9999117
1701.9688308817015,0.9965406
1701.970219773723,1.0024995
1701.9716086657447,1.0000705
1701.9729975580005,1.000076
1701.9743864500226,0.99974924
1701.9757753420442,0.99674344
1701.9771642340668,0.9980659
1701.9785531260889,0.9988528
1701.9799420181114,0.9995399
1701.9813309101335,0.99853325
1701.9827198021558,0.9984054
1701.9841086941772,0.9999799
1701.9854975861988,1.0002697
1701.9868864782213,0.99859744
1701.9882753702443,1.0002797
1701.9896642622664,0.99927914
1701.991053154288,0.99795073
1701.99244204631,1.00034
1701.9938309383326,0.99804926
1701.9952198303542,1.0005428
1701.9966087223763,0.9995253
1701.9979976143993,0.99743855
1701.999386506421,0.9985162
1702.0007753984426,0.9967624
1702.0021642904646,0.9983032
1702.0035531824876,0.9964496
1702.0049420745102,0.9988054
1702.0063309665318,0.99766594
1702.0077198585539,0.9950702
1702.0091087505755,0.99627715
1702.010497642597,0.9975044
1702.01188653462,0.9944034
1702.013275426643,0.99771935
1702.0146643186647,0.9988933
1702.0160532106863,0.9959754
1702.0174421027084,0.99602306
1702.01883099473,0.9977878
1702.020219886752,0.9983088
1702.021608778775,0.99616635
1702.0229976707976,0.9955839
1702.0243865628192,0.9970538
1702.0257754548409,0.9958709
1702.027164346863,0.9963002
1702.028553238886,0.99616903
1702.029942130908,0.99777013
1702.0313310229296,0.9943665
1702.0327199149522,0.9997135
1702.0341088069738,0.9961917
1702.0354976989959,0.9936052
1702.0368865910189,0.9947811
1702.038275483041,0.996396
1702.0396643750626,0.99365586
1702.0410532670842,0.994341
1702.0424421591067,0.99268234
1702.0438310511288,0.9967135
1702.045219943151,0.998816
1702.0466088351734,0.9957127
1702.0479977271955,0.9921884
1702.0493866189843,0.99454904
1702.050775511006,0.99404246
1702.0521644030289,0.9929298
1702.0535532950514,0.993522
1702.0549421870728,0.9948665
1702.0563310790951,0.9946286
1702.0577199711172,0.99529034
1702.0591088631388,0.99309886
1702.0604977551614,0.99152905
1702.0618866471843,0.99346
1702.0632755392057,0.99430144
1702.0646644312271,0.992515
1702.0660533232497,0.9917162
1702.0674422150398,0.9927162
1702.068831107062,0.9928235
1702.0702199990835,0.99259907
1702.071608891106,0.99225545
1702.0729977831281,0.9927693
1702.0743866751498,0.991612
1702.0757755671718,0.9928162
1702.0771644591948,0.9944831
1702.0785533512164,0.99082524
1702.079942243238,0.99288416
1702.0813311350275,0.99301714
1702.0827200270498,0.99180365
1702.084108919072,0.9931111
1702.0854978110945,0.9879785
1702.0868867031165,0.9918941
1702.0882755951382,0.99009097
1702.0896644871598,0.9899424
1702.0910533791819,0.9925142
1702.092442270972,0.99029946
1702.0938311629945,0.9914411
1702.0952200550162,0.99155825
1702.0966089470382,0.98922175
1702.0979978390599,0.99024236
1702.0993867310822,0.9915217
1702.100775623105,0.99380475
1702.1021645148946,0.9898634
1702.1035534069163,0.99236554
1702.1049422989379,0.9900686
1702.10633119096,0.99199903
1702.107720082983,0.9896223
1702.1104978670267,0.9900766
1702.1118867588164,0.98891205
1702.113275650838,0.98949826
1702.1146645428596,0.99028903
1702.1160534348826,0.988423
1702.1174423269053,0.9909435
1702.1188312189267,0.991862
1702.1202201107155,0.99085194
1702.121609002738,0.9901738
1702.1229978947601,0.9907183
1702.1243867867827,0.99082464
1702.1257756788048,0.98948854
1702.1271645705942,0.98897785
1702.1285534626156,0.9881423
1702.1299423546373,0.98791546
1702.1313312466602,0.9883997
1702.1327201386828,0.98970866
1702.1341090304716,0.98965895
1702.1354979224936,0.9877184
1702.1368868145157,0.99044317
1702.1382757065373,0.98868257
1702.1396645985599,0.9889665
1702.14105349035,0.98962677
1702.142442382372,0.9922766
1702.1438312743937,0.98884475
1702.1452201664154,0.9887298
1702.1466090584374,0.98668367
1702.1479979502271,0.9884095
1702.1493868422492,0.98833424
1702.1507757342717,0.9889463
1702.1521646262938,0.9901499
1702.1535535180826,0.98823184
1702.1549424101047,0.98912483
1702.1563313021277,0.9897152
1702.1577201941493,0.98755056
1702.159109086171,0.99092424
1702.1604979779606,0.99106777
1702.1618868699827,0.98720086
1702.163275762005,0.9867859
1702.1646646540273,0.98677325
1702.1660535458166,0.9876441
1702.1674424378382,0.9895611
1702.1688313298598,0.9888329
1702.1702202218823,0.9884744
1702.1716091136723,0.98628896
1702.1729980056946,0.98957175
1702.1743868977162,0.9885102
1702.1757757895055,0.99100345
1702.177164681528,0.9894682
1702.1785535735496,0.98772895
1702.1799424655717,0.99026877
1702.1813313573618,0.9899087
1702.1827202493835,0.9892896
1702.184109141405,0.98827976
1702.1854980334272,0.98842496
1702.1868869252173,0.99014485
1702.1882758172399,0.9883278
1702.1896647092613,0.9905528
1702.1910536010507,0.98988056
1702.1924424930723,0.9898548
1702.193831385094,0.9903364
1702.195220277117,0.9901865
1702.1966091689071,0.98745155
1702.1979980609287,0.99115646
1702.1993869529501,0.99234575
1702.2007758447396,0.98893327
1702.2021647367612,0.98874736
1702.2035536287833,0.9893569
1702.2049425205735,0.99112034
1702.206331412596,0.99012727
1702.2077203046174,0.98864543
1702.209109196406,0.9897309
1702.2104980884285,0.98935723
1702.2118869804506,0.99104846
1702.2132758722403,0.9884877
1702.2146647642624,0.9896744
1702.2160536562849,0.99329716
1702.2174425480734,0.9904406
1702.2188314400958,0.98866946
1702.2202203321187,0.99117374
1702.221609223908,0.98869413
1702.2229981159296,0.99024713
1702.2243870079512,0.9907496
1702.2257758997407,0.98970586
1702.227164791763,0.9902001
1702.228553683785,0.9905885
1702.2299425755748,0.98964965
1702.2313314675969,0.990719
1702.2327203596185,0.9901924
1702.2341092514073,0.9892136
1702.2354981434303,0.992051
1702.2368870354524,0.99014354
1702.2382759272411,0.98906076
1702.2396648192637,0.99109375
1702.2410537112858,0.9899963
1702.2424426030746,0.9914696
1702.2438314950969,0.9907148
1702.2452203868868,0.99084616
1702.2466092789084,0.9902338
1702.24799817093,0.98919475
1702.2493870627197,0.9927887
1702.2507759547427,0.99211395
1702.252164846532,0.9892374
1702.2535537385536,0.99170816
1702.2549426305757,0.99212474
1702.2563315223654,0.9898139
1702.257720414387,0.9930857
1702.259109306409,0.9907586
1702.2604981981992,0.98939395
1702.2618870902209,0.9916985
1702.2632759820096,0.9916533
1702.2646648740317,0.99064267
1702.2660537658214,0.9976914
1702.2674426578435,0.99293536
1702.268831549866,0.99295753
1702.2702204416553,0.9933311
1702.271609333677,0.9930789
1702.2729982254657,0.9927646
1702.2743871174887,0.99389845
1702.2757760095117,0.99411637
1702.2771649013005,0.9913574
1702.278553793322,0.9922287
1702.2799426851113,0.99341875
1702.281331577133,0.9903784
1702.2827204689222,0.9927535
1702.2841093609452,0.99127156
1702.2854982529677,0.9899988
1702.288276036778,0.99177873
1702.2896649285674,0.9886245
1702.2910538205904,0.99009186
1702.2924427123796,0.9900993
1702.2938316044012,0.9905222
1702.295220496191,0.9901548
1702.2966093882126,0.99371934
1702.2979982800011,0.99269974
1702.299387172024,0.9904713
1702.3007760640469,0.99043566
1702.3021649558357,0.989558
1702.3035538478573,0.9904101
1702.304942739647,0.9936508
1702.306331631669,0.9905344
1702.3077205234586,0.9889124
1702.3091094154809,0.99055797
1702.31049830727,0.99224
1702.3118871992917,0.9891195
1702.3132760910805,0.9921325
1702.3146649831035,0.9881288
1702.3160538748937,0.9895448
1702.3174427669153,0.9938141
1702.318831658704,0.9905516
1702.3202205507262,0.9904196
1702.321609442515,0.99116707
1702.3229983345375,0.98896515
1702.3243872263276,0.98845243
1702.3257761183497,0.9906327
1702.3271650101385,0.98905694
1702.3285539021601,0.98733675
1702.3299427939494,0.9889673
1702.331331685972,0.9918794
1702.3327205777612,0.99062306
1702.3341094697835,0.99035513
1702.335498361573,0.98917013
1702.3368872535946,0.9877423
1702.3382761453838,0.98902047
1702.3396650374068,0.98961693
1702.3410539291956,0.98920685
1702.3424428212172,0.98936135
1702.3438317130065,0.99055153
1702.345220605029,0.9902875
1702.3466094968182,0.9914567
1702.347998388608,0.98858
1702.34938728063,0.9921204
1702.3507761724197,0.9910578
1702.3521650644411,0.98894536
1702.3535539562297,0.98970497
1702.3549428482527,0.9905565
1702.3563317400424,0.99083453
1702.357720632064,0.9907357
1702.3591095238532,0.99092233
1702.3604984158758,0.99112105
1702.3618873076643,0.9897025
1702.3632761994538,0.98976666
1702.3646650914768,0.99102384
1702.3660539832656,0.9907218
1702.3674428752872,0.98981315
1702.3688317670765,0.98892725
1702.3716095508887,0.99129117
1702.3729984426775,0.98959607
1702.3743873347,0.9923284
1702.3757762264888,0.99020785
1702.3771651185104,0.9883077
1702.3785540103006,0.9904487
1702.3799429020905,0.99214816
1702.381331794112,0.9933871
1702.3827206859007,0.9905008
1702.3841095779233,0.9917492
1702.3854984697125,0.9914688
1702.3868873615022,0.9898289
1702.3882762535243,0.9912129
1702.3896651453135,0.9914383
1702.3910540373352,0.9910498
1702.392442929124,0.9941187
1702.393831820914,0.9932636
1702.395220712937,0.992772
1702.3966096047259,0.9936081
1702.3979984967475,0.99148047
1702.3993873885368,0.9898454
1702.4007762803255,0.9916993
1702.402165172348,0.99235886
1702.4035540641382,0.99276006
1702.4049429559275,0.9917741
1702.406331847949,0.9924179
1702.407720739738,0.99345255
1702.40910963176,0.9929923
1702.4104985235497,0.9941517
1702.411887415339,0.99286425
1702.4132763073615,0.9940074
1702.4146651991507,0.991995
1702.4160540909395,0.9950026
1702.4174429829611,0.9923803
1702.4188318747513,0.9939398
1702.4202207665414,0.9930035
1702.421609658563,0.9933228
1702.4229985503518,0.9930813
1702.424387442141,0.9957297
1702.4257763341632,0.9940942
1702.4271652259529,0.9936592
1702.4285541177421,0.9931993
1702.4299430097647,0.9917468
1702.4313319015534,0.99556315
1702.432720793342,0.99430996
1702.4341096853648,0.9954952
1702.4354985771545,0.9959564
1702.4368874689433,0.9936656
1702.4382763609653,0.99431014
1702.439665252755,0.99361926
1702.4410541445438,0.9959762
1702.442443036566,0.9951015
1702.443831928356,0.99298364
1702.4452208201449,0.99386835
1702.4466097121665,1.000626
1702.4479986039557,0.9948748
1702.4493874957454,0.996549
1702.4507763875347,0.9959817
1702.452165279557,0.9947392
1702.4535541713465,0.99320555
1702.4549430631357,0.9968379
1702.4563319551573,0.9950713
1702.457720846947,0.9963602
1702.4591097387372,0.99461395
1702.4604986307586,0.9989594
1702.4618875225472,0.99558455
1702.4632764143369,0.9976564
1702.464665306126,0.99710643
1702.4660541981486,0.99751604
1702.467443089938,0.9984096
1702.4688319817276,0.9958163
1702.4702208735162,0.9989028
1702.4716097655376,0.9959215
1702.4729986573273,0.99659127
1702.4743875491174,0.9977545
1702.4757764409067,0.9956128
1702.4771653329283,0.99738264
1702.4785542247178,0.9984036
1702.4799431165072,0.99665123
1702.481332008296,0.99813414
1702.482720900318,0.99868095
1702.4841097921083,0.99962926
1702.485498683897,0.99901587
1702.4868875756858,0.9966496
1702.488276467708,0.9984989
1702.489665359498,1.0004302
1702.4910542512878,0.9987224
1702.4924431430766,0.99938947
1702.4938320350986,0.9984566
1702.4952209268874,0.9972069
1702.4966098186762,0.99687696
1702.4979987104664,0.9987009
1702.4993876024894,0.9965503
1702.5007764942782,0.99861854
1702.502165386067,0.99999684
1702.5035542778562,0.9984703
1702.504943169645,0.99670583
1702.506332061667,0.99681205
1702.5077209534572,0.9982628
1702.509109845247,0.9993051
1702.5104987370357,0.9986332
1702.5118876288245,0.9975553
1702.5132765208466,1.0013387
1702.5146654126368,0.9993707
1702.5174431962148,1.0000461
1702.5188320880045,0.99798536
1702.5202209800261,0.99813527
1702.5216098718154,0.99602485
1702.5229987636055,0.99878263
1702.524387655395,0.9996361
1702.5257765471836,0.9993641
1702.5271654392052,0.9993279
1702.528554330995,0.9985779
1702.5299432227841,0.99873275
1702.5313321145738,1.0000099
1702.532721006363,0.99744207
1702.5341098981523,0.99825037
1702.535498790174,0.9984419
1702.5368876819628,1.000623
1702.538276573753,0.9984001
1702.539665465543,0.9978399
1702.5410543573319,0.9982414
1702.5424432491207,1.0009618
1702.5438321411427,1.0003922
1702.5452210329324,0.99941444
1702.5466099247217,0.9993795
1702.5479988165114,1.00215
1702.5493877083006,1.0001101
1702.5507766000894,1.001069
1702.5521654918782,0.9992472
1702.5535543839012,0.9986861
1702.5549432756904,1.001877
1702.5563321674792,0.998548
1702.557721059269,1.0009465
1702.5591099510582,0.9981053
1702.560498842847,1.0012592
1702.5618877346362,0.99864006
1702.5632766264264,1.0008742
1702.564665518448,1.0005075
1702.5660544102368,1.0000509
1702.5674433020265,0.9997779
1702.5688321938158,1.0002148
1702.570221085605,0.9959552
1702.5716099773947,0.9995706
1702.572998869184,0.9967268
1702.5743877609737,0.99835664
1702.5757766527624,0.9966484
1702.5771655447845,0.99963367
1702.5785544365747,0.99797404
1702.5799433283635,0.9967791
1702.5813322201523,1.0011094
1702.5827211119415,0.9989471
1702.5841100037312,0.99951446
1702.5854988955205,0.99869084
1702.58688778731,0.99650896
1702.5882766790994,0.99646026
1702.5896655708882,0.998807
1702.591054462677,0.9975241
1702.5924433544662,0.9983421
1702.5938322464892,0.9983874
1702.595221138279,0.9962586
1702.5966100300675,0.995258
1702.597998921857,0.9939133
1702.5993878136462,0.99829847
1702.600776705435,0.99696654
1702.6021655972247,0.99725497
1702.6035544890149,0.9958548
1702.6049433808034,0.99743754
1702.606332272592,0.9976513
1702.6077211643817,0.9960486
1702.610498947961,0.9940717
1702.61188783975,0.99598676
1702.6132767315396,0.99569076
1702.6146656233282,0.99357945
1702.6160545151167,0.99387765
1702.617443406907,0.99393696
1702.618832298697,0.9981868
1702.6202211907187,0.9950971
1702.6216100825075,0.9947201
1702.622998974297,0.99474525
1702.6243878660855,0.99524444
1702.6257767578752,0.9932857
1702.6271656496654,0.99344325
1702.6285545414546,0.99722505
1702.6299434332434,0.99455357
1702.6313323250322,0.9938894
1702.6341101086116,0.9912407
1702.6354990004013,0.9931788
1702.63688789219,0.9912702
1702.6382767839793,0.9933351
1702.6396656757681,0.994077
1702.6410545675576,0.9939979
1702.6424434593475,0.9940415
1702.6438323511372,0.99131894
1702.645221242926,0.99085903
1702.6466101347148,0.99170744
1702.647999026504,0.9934219
1702.6493879182938,0.99360347
1702.650776810083,0.9936981
1702.6521657018723,0.9925255
1702.653554593662,0.9920166
1702.6549434854508,0.9909796
1702.6563323772396,0.9936979
1702.6577212690297,0.99125385
1702.6591101608196,0.9915524
1702.6604990526082,0.99023753
1702.661887944397,0.9930699
1702.6632768359539,0.99186164
1702.664665727743,0.9922723
1702.6660546195328,0.9952417
1702.667443511322,0.98980695
1702.6688324031115,0.99278885
1702.6702212949,0.99150944
1702.671610186689,0.98940134
1702.672999078479,0.9908137
1702.6743879702688,0.992349
1702.6757768620575,0.99023294
1702.6771657538468,0.99026936
1702.678554645636,0.9931379
1702.6799435374248,0.99032754
1702.6813324292145,0.9886353
1702.6827213210047,0.9909605
1702.6841102127935,0.9909915
1702.685499104582,0.991676
1702.6868879963715,0.99128115
1702.6882768881608,0.9907369
1702.6896657797176,0.98810756
1702.691054671507,0.98940545
1702.6924435632966,0.9888727
1702.6938324550858,0.99189705
1702.6952213468746,0.9937165
1702.6966102386639,0.9895304
1702.697999130454,0.99112976
1702.6993880222428,0.9912149
1702.7007769140316,0.9892401
1702.7021658058213,0.98906326
1702.7035546976106,0.9909526
1702.7049435891672,0.98959726
1702.7063324809567,0.98985153
1702.707721372746,0.99041694
1702.7091102645347,0.9904021
1702.7104991563235,0.99107844
1702.7118880481132,0.989392
1702.7132769399032,0.99140644
1702.7146658316926,0.98919106
1702.7160547234814,0.9881386
1702.7174436150378,0.99161303
1702.7188325068275,0.99072105
1702.7202213986163,0.9879364
1702.7216102904056,0.9891284
1702.7229991821957,0.9899956
1702.7243880739845,0.9880407
1702.7257769657733,0.9883368
1702.7271658575626,0.98935217
1702.72855474912,0.9880223
1702.7299436409096,0.98876417
1702.7313325326982,0.988606
1702.7327214244876,0.9890754
1702.7341103162764,0.9909047
1702.7354992080652,0.9923382
1702.7368880998554,0.9886196
1702.7382769914127,0.99103254
1702.7396658832015,0.98869425
1702.74105477499,0.98993397
1702.7424436667795,0.986944
1702.7438325585688,0.9899453
1702.7452214503585,0.9896296
1702.7466103421477,0.9880172
1702.7479992337046,0.98805475
1702.7493881254932,0.98604816
1702.7507770172817,0.98959136
1702.7521659090714,0.99002784
1702.7535548008616,0.98953396
1702.754943692418,0.98652345
1702.7563325842068,0.98754215
1702.7577214759965,0.99078494
1702.759110367785,0.98828596
1702.7604992595745,0.9901736
1702.7618881513647,0.98789424
1702.7632770429211,0.98661494
1702.76466593471,0.99051017
1702.7660548264987,0.9882045
1702.7674437182882,0.9867801
1702.7688326100777,0.98871714
1702.770221501634,0.99051166
1702.7716103934238,0.9900169
1702.772999285213,0.9874305
1702.7743881770018,0.99082303
1702.7757770687906,0.9881756
1702.777165960348,0.98897684
1702.778554852138,0.98750263
1702.7799437439269,0.98963904
1702.7813326357157,0.9912815
1702.782721527505,0.98856425
1702.7841104190609,0.9934751
1702.7854993108504,0.99122584
1702.7868882026403,0.98974335
1702.78827709443,0.9905633
1702.789665985986,0.9872474
1702.7910548777747,0.9906808
1702.792443769565,0.9910627
1702.7938326613541,0.99004734
1702.79522155291,0.9909788
1702.7966104446994,0.9876488
1702.797999336489,0.98993903
1702.7993882282778,0.99080235
1702.8007771198343,0.99062276
1702.8021660116244,0.99379635
1702.803554903414,0.99114853
1702.8049437952025,0.99059343
1702.8063326867584,0.9905322
1702.8077215785481,0.9908243
1702.8091104703374,0.98999435
1702.810499362127,0.99114436
1702.8118882536835,0.9889124
1702.813277145473,0.9894358
1702.8146660372615,0.98965627
1702.8160549290512,0.9899095
1702.8174438206086,0.9904374
1702.8188327123974,0.989999
1702.8202216041861,0.99011886
1702.8216104959754,0.99320227
1702.8229993875318,0.99163216
1702.8243882793215,0.9911321
1702.8257771711108,0.990568
1702.8271660626676,0.9898538
1702.8285549544569,0.98895085
1702.8299438462457,0.99046105
1702.8313327380345,0.99215126
1702.8327216295918,0.9897946
1702.834110521381,0.9919996
1702.8354994131698,0.9925452
1702.8368883047267,0.99073005
1702.838277196516,0.99242926
1702.8396660883047,0.9901675
1702.8410549798612,0.9907899
1702.8424438716513,0.9908788
1702.84383276344,0.9904116
1702.845221654996,0.991184
1702.8466105467858,0.9886028
1702.847999438576,0.99100107
1702.8493883303652,0.9910196
1702.8507772219211,0.98939323
1702.8521661137104,0.99197406
1702.8535550055,0.98914576
1702.854943897056,0.99069744
1702.8563327888453,0.9921322
1702.8577216806354,0.9922101
1702.8591105721914,0.9906329
1702.8604994639802,0.99140865
1702.8618883557695,0.9910079
1702.8632772473263,0.9934686
1702.8646661391156,0.9899596
1702.8660550309053,0.9891854
1702.8674439224617,0.99074364
1702.8688328142505,0.9907251
1702.8702217058064,0.99237233
1702.8716105975957,0.9915353
1702.8729994893858,0.9887941
1702.8743883809427,0.9902819
1702.8757772727313,0.9904943
1702.8771661645208,0.9924491
1702.8785550560772,0.9895984
1702.8799439478669,0.9916192
1702.8813328396561,0.99201816
1702.882721731213,0.9909313
1702.8841106230018,0.9889649
1702.8854995145575,0.9902571
1702.886888406347,0.98931754
1702.8882772981372,0.99014014
1702.8896661896936,0.9897453
1702.8910550814824,0.9878562
1702.892443973272,0.99176145
1702.8938328648278,0.9900277
1702.8952217566164,0.9896609
1702.8966106481737,0.99173486
1702.8979995399638,0.99226016
1702.8993884317526,0.99146014
1702.9007773233086,0.990756
1702.9021662150983,0.9926198
1702.903555106654,0.988423
1702.9049439984435,0.99133664
1702.9063328902337,0.98982614
1702.90772178179,0.9904377
1702.9091106735789,0.9904234
1702.9104995651348,0.989613
1702.911888456925,0.99060225
1702.9132773484823,0.98903906
1702.9146662402711,0.990482
1702.91605513206,0.9902428
1702.9174440236163,0.98747057
1702.9188329154051,0.99031776
1702.920221806962,0.9895522
1702.921610698752,0.99100184
1702.9229995903086,0.98852867
1702.9243884820974,0.9908367
1702.9257773738861,0.9878935
1702.9271662654426,0.99064267
1702.9285551572323,0.98857725
1702.9299440487887,0.9874307
1702.931332940578,0.9888973
1702.9327218321348,0.98808813
1702.9341107239236,0.98778635
1702.9354996157128,0.9886949
1702.9368885072702,0.99116564
1702.9382773990599,0.987641
1702.942444073961,0.98887813
1702.9438329657503,0.9887156
1702.9452218573072,0.99130094
1702.947999640653,0.98973596
1702.9493885324416,0.99046904
1702.9507774239976,0.98754245
1702.9521663157877,0.99238783
1702.9535552073446,0.9904507
1702.9549440991334,0.9902115
1702.9563329906898,0.9952671
1702.9577218824793,0.9884734
1702.959110774035,0.9919546
1702.9604996658247,0.99346995
1702.9618885576149,0.99295866
1702.9632774491713,0.9893683
1702.96466634096,0.99345165
1702.966055232516,0.99190307
1702.9674441243062,0.9898188
1702.9688330158626,0.98978186
1702.9702219076514,0.99259967
1702.9716107992083,0.9935933
1702.9729996909975,0.99072695
1702.9743885825535,0.9904695
1702.97577747411,0.993373
1702.9771663659,0.99261606
1702.978555257456,0.99143946
1702.9799441492448,0.99212056
1702.9813330408017,0.99133885
1702.982721932591,0.9923426
1702.9841108241476,0.9908879
1702.985499715937,0.99127525
1702.9868886074935,0.9921551
1702.9882774992832,0.9937344
1702.9896663908391,0.9933768
1702.991055282628,0.9924787
1702.9924441741853,0.9936251
1702.9938330659745,0.9903335
1702.9952219575305,0.99165916
1702.9966108493197,0.9927116
1702.9979997408766,0.9911105
1702.999388632433,0.9929997
1703.0007775242227,0.994687
1703.0021664157791,0.9928729
1703.003555307568,0.99287623
1703.0049441991239,0.99318653
1703.0063330909131,0.99491626
1703.0077219824705,0.9933085
1703.0091108742602,0.9950462
1703.0104997658161,0.9957926
1703.0118886573725,0.9921615
1703.0132775491618,0.9932116
1703.0146664407177,0.9955331
1703.0160553325074,0.9957567
1703.0174442240648,0.9949846
1703.0188331158536,0.9945936
1703.0202220074093,0.99695235
1703.021610898966,0.9938958
1703.0229997907552,0.9918963
1703.024388682312,0.99540895
1703.0257775741013,0.9942031
1703.0271664656582,0.99456453
1703.0285553572141,0.99758464
1703.0299442490027,0.99515843
1703.0313331405598,0.9961347
1703.03272203235,0.995721
1703.034110923906,0.9970732
1703.035499815462,0.9960787
1703.0368887072516,0.9959639
1703.038277598808,0.9928672
1703.0396664905973,0.99481136
1703.0410553821541,0.99828047
1703.0424442737105,0.9947638
1703.0438331654993,0.99458426
1703.0452220570553,0.994968
1703.046610948845,0.99450237
1703.047999840402,0.99637103
1703.0493887319587,0.9949659
1703.0507776237475,0.99612176
1703.052166515304,0.99494046
1703.05355540686,0.99406046
1703.0549442986487,0.9964599
1703.056333190206,0.9979142
1703.0577220819962,0.996969
1703.0591109735522,0.99753135
1703.060499865108,0.99456155
1703.0618887568974,0.9980567
1703.0632776484547,0.99859375
1703.0646665400116,0.99869996
1703.0660554318001,0.9954197
1703.0674443233568,0.9982075
1703.0688332149127,0.9960712
1703.0702221067015,0.997856
1703.0716109982588,0.99614507
1703.0729998898162,0.99559546
1703.0743887816047,0.99474156
1703.0757776731605,0.9996109
1703.0771665647173,0.99833184
1703.0785554565061,0.9957596
1703.0799443480626,0.9983643
1703.0813332396199,0.9983111
1703.0827221314096,0.9973816
1703.0841110229653,0.9970163
1703.085499914521,0.9986537
1703.0868888063112,0.9973675
1703.0882776978685,0.9985635
1703.0896665894245,1.0003458
1703.0910554812133,0.99646693
1703.09244437277,0.99784136
1703.0938332643257,1.00034
1703.0952221561154,0.9978308
1703.0966110476727,0.99909294
1703.097999939229,1.0001338
1703.099388830785,1.0002129
1703.1007777225739,0.99622595
1703.1021666141305,1.0007901
1703.1035555056872,0.99660844
1703.1049443974764,0.9989622
1703.1063332890333,0.9995906
1703.1077221805897,0.9991408
1703.1091110723785,0.9982054
1703.1104999639344,0.9989954
1703.1118888554918,0.9987634
1703.113277747049,0.99894816
1703.114666638838,0.99987006
1703.1160555303939,0.9989149
1703.1174444219503,1.0011303
1703.1188333135071,1.0000105
1703.1202222052964,1.0016235
1703.1216110968528,0.9989775
1703.1229999884097,0.99794865
1703.1243888801985,0.9996271
1703.1257777717544,0.9989968
1703.1271666633118,1.0030737
1703.1285555548682,0.9999427
1703.129944446657,0.9991323
1703.1313333382134,1.0005301
1703.1327222297703,0.9991553
1703.1341111213262,0.9995822
1703.1355000131155,1.0008649
1703.1368889046728,0.99784404
1703.1382777962294,1.0015857
1703.1396666877852,0.9997838
1703.141055579574,1.0009398
1703.1424444711308,0.99884075
1703.1438333626872,0.9968842
1703.1452222542441,1.0027192
1703.1466111458005,1.0004839
1703.1480000375898,0.99998754
1703.1493889291457,1.0005814
1703.1507778207026,0.9987243
1703.15216671226,0.99775416
1703.1535556040487,1.001462
1703.1549444956047,0.99890745
1703.156333387161,1.0009243
1703.1577222787175,0.9997658
1703.1591111702744,0.99967355
1703.1605000620636,0.9981323
1703.1618889536205,0.9965453
1703.163277845177,1.0010304
1703.164666736733,0.998049
1703.1660556282889,0.9994178
1703.167444520079,1.0001855
1703.1688334116354,0.99945605
1703.1702223031914,0.9966262
1703.1716111947483,0.9975968
1703.1730000863047,0.9987896
1703.1743889780935,0.99991906
1703.17577786965,0.9985524
1703.1771667612072,0.9981828
1703.178555652764,1.0002416
1703.17994454432,0.99726003
1703.1813334361088,0.99869245
1703.1827223276662,0.998912
1703.1841112192226,0.9975172
1703.1855001107785,0.9973932
1703.186889002335,0.9991737
1703.1882778938918,0.99709153
1703.1896667856806,0.99774146
1703.191055677237,0.9986675
1703.1924445687944,0.99885017
1703.1938334603503,0.9980787
1703.1952223519063,0.9982647
1703.1966112434627,0.99708337
1703.1980001352524,0.99804497
1703.1993890268088,0.9954166
1703.2007779183655,0.9951364
1703.2021668099221,0.99623513
1703.2035557014785,0.99687135
1703.2049445930345,0.9967515
1703.2063334845914,0.9975823
1703.2077223763815,0.99577636
1703.2091112679375,0.99480075
1703.2105001594932,0.99409896
1703.2118890510499,0.9965891
1703.2132779426063,0.99870795
1703.2146668341632,0.9982605
1703.2160557257196,0.9953211
1703.2174446175093,0.99365795
1703.218833509065,0.99472654
1703.2202224006207,0.9935904
1703.2216112921776,0.99462324
1703.223000183735,0.99380726
1703.2243890752914,0.9971271
1703.2257779668473,0.9933429
1703.2271668584042,0.99553746
1703.2285557499606,0.9963209
1703.2299446417494,0.99500895
1703.2313335333058,0.99487
1703.2327224248631,0.9959691
1703.234111316419,0.9955351
1703.235500207975,0.9936253
1703.2368890995317,0.99095243
1703.2382779910888,0.99379146
1703.2396668826457,0.9955061
1703.2410557742016,0.99241394
1703.242444665758,0.99311036
1703.2438335575468,0.9936159
1703.2452224491028,0.9938443
1703.2466113406601,0.9912876
1703.2480002322175,0.9917211
1703.2493891237734,0.99002874
1703.2507780153294,0.9912346
1703.2521669068858,0.9930263
1703.2535557984427,0.9931883
1703.254944689999,0.991426
1703.2563335815557,0.99141544
1703.2577224731124,0.9938853
1703.2591113646683,0.99608165
1703.2605002562243,0.9946768
1703.2618891477807,0.99137324
1703.2632780395709,0.99160933
1703.2646669311275,0.9906811
1703.2660558226833,0.9919369
1703.2674447142401,0.9888756
1703.268833605796,0.99042255
1703.2702224973525,0.9915976
1703.2716113889098,0.9917041
1703.2730002804667,0.9911614
1703.2743891720224,0.9929645
1703.2757780635782,0.99008596
1703.277166955135,0.99101734
1703.2785558466924,0.9914571
1703.2799447382488,0.9919013
1703.2827225213614,0.9937455
1703.2841114129171,0.9912716
1703.285500304473,0.99090827
1703.2868891960304,0.99206257
1703.2882780875877,0.99003303
1703.2896669791437,0.9889009
1703.2910558706997,0.99209875
1703.292444762256,0.98965013
1703.293833653813,0.9909612
1703.2952225453694,0.9900268
1703.2966114369262,0.98875034
1703.2980003284827,0.9926794
1703.2993892200386,0.9897447
1703.302167003152,0.9891465
1703.3035558947092,0.99086857
1703.3049447862652,0.9899472
1703.3063336778212,0.9887808
1703.3077225693776,0.99132824
1703.3091114609335,0.99002445
1703.31050035249,0.9919214
1703.3118892440473,0.9900694
1703.3132781356042,0.9882768
1703.31466702716,0.99090225
1703.316055918716,0.98935187
1703.3174448102725,0.9887404
1703.3188337018298,0.9886974
1703.3202225933862,0.98841244
1703.3216114849422,0.9899723
1703.323000376499,0.99207646
1703.324389268055,0.99023724
1703.325778159611,0.9918281
1703.3271670511683,0.9911067
1703.3285559427254,0.98909277
1703.3299448342812,0.98970705
1703.331333725837,0.9887025
1703.332722617394,0.986935
1703.3341115089504,0.98836046
1703.3355004005073,0.9880305
1703.3368892920637,0.98817927
1703.33827818362,0.9890689
1703.339667075176,0.9904017
1703.341055966732,0.99148214
1703.3424448582894,0.9913179
1703.3438337496139,0.98679453
1703.3452226411698,0.9880554
1703.3466115327258,0.98985326
1703.3480004242822,0.98897517
1703.3493893158382,0.9887292
1703.350778207395,0.98787254
1703.3521670989523,0.9885313
1703.3535559905088,0.988086
1703.3549448820647,0.98929036
1703.3563337736207,0.9859148
1703.357722665178,0.98985326
1703.3591115567344,0.9885144
1703.3605004482904,0.98948246
1703.3618893398473,0.9876937
1703.3632782311709,0.99067175
1703.3646671227268,0.9882987
1703.3660560142832,0.9906082
1703.3674449058406,0.9883425
1703.3688337973974,0.9881834
1703.3702226889534,0.9894424
1703.3716115805094,0.99150306
1703.3730004720658,0.987793
1703.3743893636222,0.98931384
1703.375778255179,0.98897785
1703.3771671465026,0.9875216
1703.3785560380595,0.9899473
1703.3799449296155,0.9909348
1703.3813338211712,0.9900516
1703.3827227127283,0.99059737
1703.3841116042856,0.98994744
1703.3855004958416,0.99026036
1703.3868893873976,0.99047005
1703.3882782789544,0.98959345
1703.389667170278,0.9897416
1703.3910560618347,0.9878793
1703.3924449533913,0.99134195
1703.3938338449477,0.9906863
1703.3952227365037,0.9887259
1703.3966116280596,0.9882815
1703.398000519617,0.98982024
1703.399389410941,0.99111843
1703.4007783024967,0.99106604
1703.4021671940534,0.98730034
1703.4035560856098,0.99181235
1703.4049449771658,0.98879975
1703.4063338687226,0.9901915
1703.40772276028,0.99102944
1703.4091116516036,0.99195427
1703.4105005431595,0.98869956
1703.4118894347155,0.9913853
1703.413278326272,0.9905969
1703.4146672178288,0.9898818
1703.4160561093852,0.9902545
1703.4174450007092,0.9937041
1703.4188338922656,0.99330443
1703.4202227838216,0.99412817
1703.421611675378,0.99415475
1703.4230005669353,0.9961833
1703.4243894584913,0.9980146
1703.4257783498144,0.99343145
1703.427167241371,0.9945051
1703.4285561329277,0.99156666
1703.4299450244841,0.9949211
1703.431333916041,0.9914588
1703.4327228075974,0.99245876
1703.4341116989215,0.99103177
1703.4355005904772,0.99149144
1703.436889482033,0.99167496
1703.4382783735903,0.9920811
1703.4396672651471,0.99092895
1703.4410561564703,0.9913541
1703.4424450480267,0.99177235
1703.4438339395836,0.99071515
1703.4452228311393,0.9933036
1703.446611722696,0.9890252
1703.4480006140204,0.9900765
1703.4493895055768,0.9915853
1703.4507783971328,0.9900411
1703.4521672886888,0.9887376
1703.4535561800133,0.9891854
1703.45494507157,0.99328667
1703.4563339631256,0.9886892
1703.4577228546825,0.9895111
1703.459111746239,0.991505
1703.460500637562,0.99133116
1703.461889529119,0.99142873
1703.463278420676,0.99184537
1703.4646673122318,0.9905868
1703.466056203555,0.9901345
1703.4674450951118,0.9906775
1703.4688339866682,0.991429
1703.470222878225,0.9922688
1703.4716117695486,0.99273837
1703.4730006611053,0.9925111
1703.474389552662,0.98964643
1703.475778444218,0.9901232
1703.4771673355415,0.9902805
1703.4785562270988,0.9893083
1703.4799451186548,0.9898876
1703.4813340102107,0.987608
1703.4827229015343,0.9913539
1703.4841117930912,0.9907187
1703.4855006846476,0.9899811
1703.4868895762045,0.99096495
1703.488278467528,0.9889962
1703.489667359084,0.99054646
1703.49105625064,0.9919922
1703.4924451421964,0.99008733
1703.493834033521,0.9905642
1703.4952229250778,0.98929894
1703.4966118166337,0.99046826
1703.4980007079573,0.9881786
1703.499389599514,0.9929807
1703.5007784910697,0.98808336
1703.5021673826266,0.9916375
1703.503556273951,0.99053395
1703.504945165507,0.98906183
1703.506334057063,0.9899423
1703.5077229483866,0.98837936
1703.509111839944,0.9885543
1703.5105007315003,0.988181
1703.5118896230563,0.9915644
1703.5132785143803,0.99065375
1703.5146674059367,0.98928183
1703.5160562974927,0.9904109
1703.5174451888165,0.99313825
1703.5188340803736,0.9900835
1703.5202229719296,0.98836356
1703.5216118632527,0.9890979
1703.5230007548096,0.9902459
1703.524389646366,0.985576
1703.52577853769,0.98928666
1703.5271674292464,0.98943174
1703.5285563208029,0.9895603
1703.529945212126,1.0027242
1703.5355007781197,0.999088
1703.5368896696757,0.9978532
1703.5382785609993,0.9936785
1703.5396674525562,0.99529505
1703.5410563441126,0.9921974
1703.5424452354366,0.9934631
1703.543834126993,0.9930478
1703.545223018549,0.9927376
1703.5466119098721,0.99132675
1703.5480008014285,0.9930993
1703.5493896929859,0.99026877
1703.55077858431,0.99515426
1703.5521674758659,0.9928915
1703.5535563674223,0.9908226
1703.5549452587454,0.992192
1703.5563341503014,0.9922734
1703.5577230418587,0.9918431
1703.5591119331832,0.99128884
1703.5605008247392,0.9913775
1703.5618897160623,0.9929268
1703.5632786076187,0.991806
1703.5646674991751,0.9917667
1703.5660563904992,0.9939543
1703.5674452820556,0.9917361
1703.5688341736125,0.99105537
1703.5702230649356,0.993493
1703.5716119564913,0.9926386
1703.5730008478156,0.9917371
1703.574389739373,0.9917923
1703.5757786309289,0.99171025
1703.577167522252,0.9901994
1703.5785564138089,0.9918574
1703.5799453051325,0.99545157
1703.581334196689,0.9928849
1703.5827230882458,0.9928661
1703.5841119795693,0.99104685
1703.5855008711253,0.99102044
1703.5868897624484,0.99182314
1703.5882786540053,0.9919897
1703.5896675455626,0.99314964
1703.5910564368862,0.9938919
1703.5924453284422,0.9897708
1703.5938342197658,0.99208856
1703.5952231113217,0.99332696
1703.5966120028777,0.99377936
1703.5980008942022,0.99371976
1703.5993897857595,0.9941822
1703.6007786770826,0.9952567
1703.6021675686386,0.9964187
1703.6035564599622,0.9941031
1703.6049453515195,0.9969479
1703.6063342430764,0.99696594
1703.6077231343993,0.99609166
1703.609112025956,0.9947419
1703.610500917279,0.9954102
1703.611889808835,0.9979621
1703.6132787001595,0.9989614
1703.6146675917169,0.995709
1703.61605648304,0.9950039
1703.6174453745957,0.9972919
1703.6188342661524,0.9967509
1703.620223157476,0.99476486
1703.6216120490328,0.9942215
1703.6230009403564,0.9962639
1703.6243898319133,0.9989038
1703.627167614792,0.996578
1703.6285565061164,1.0002143
1703.6299453976737,0.99831384
1703.6313342889969,0.99497765
1703.6327231805528,0.9955825
1703.6341120718769,1.0000488
1703.6355009634326,0.99707127
1703.6368898549892,0.99763805
1703.6382787463137,1.000756
1703.6396676378702,0.99379426
1703.6410565291933,0.9986807
1703.6424454207493,0.99536484
1703.643834312073,0.9959422
1703.6452232036302,0.9977411
1703.6466120949542,0.998055
1703.6480009865102,0.99722975
1703.6493898778338,0.9962479
1703.6507787693897,0.9979869
1703.6521676607128,0.9959851
1703.6535565522702,0.9998641
1703.6549454435947,0.9977425
1703.6563343351506,0.9983548
1703.6577232264738,0.9994041
1703.6591121180302,0.9991251
1703.6605010093547,0.99803907
1703.6618899009113,0.99751496
1703.6632787922342,0.99957824
1703.664667683791,1.0005411
1703.6660565751142,0.9973076
1703.6674454666702,0.99788254
1703.6688343579947,0.99867666
1703.6702232493192,0.99841666
1703.671612140875,0.99762964
1703.6730010321978,0.998378
1703.6743899237547,0.9989214
1703.6757788150778,0.997365
1703.6771677066342,0.9985373
1703.6785565979587,0.9968097
1703.6799454895156,1.0000045
1703.6813343808385,1.0002282
1703.6827232723942,0.9999133
1703.6841121637183,0.9981429
1703.6855010552756,1.0002257
1703.6868899465992,0.99985874
1703.6882788381552,0.99893653
1703.689667729479,0.99776083
1703.6910566208019,0.9983684
1703.6924455123587,0.9989071
1703.6938344036832,0.99975824
1703.6952232952397,1.0008038
1703.6966121865628,0.99887663
1703.6980010781188,1.0003117
1703.6993899694423,0.998532
1703.7007788607668,0.9999269
1703.7021677523237,0.9999834
1703.7035566436468,0.9997547
1703.7049455352033,1.0003974
1703.7063344265264,1.0013335
1703.7077233180823,0.99817115
1703.7091122094068,1.0024725
1703.7105011007313,0.9993648
1703.7118899922873,1.0002048
1703.7132788836104,1.0013415
1703.7146677751668,1.0000259
1703.71605666649,1.0023975
1703.7174455580464,1.0006733
1703.718834449371,1.0009243
1703.720223340695,1.0020995
1703.721612232251,0.99926394
1703.723001123574,1.000416
1703.7243900151313,0.9997058
1703.7257789064556,1.0000741
1703.7271677977785,0.9998628
1703.7285566893345,0.9982468
1703.7299455806585,0.9997965
1703.7313344722145,0.99861383
1703.732723363538,1.0023345
1703.7341122548626,1.0006094
1703.7355011464192,0.998746
1703.7368900377421,1.0022712
1703.738278929298,1.001115
1703.7396678206221,1.001023
1703.7410567119466,1.0005872
1703.742445603503,1.0002657
1703.7438344948262,1.0005276
1703.7452233861497,0.99846435
1703.7466122777057,1.0005265
1703.7480011690297,1.0017666
1703.749390060587,1.0021964
1703.7507789519107,1.0002989
1703.7521678432338,1.0012708
1703.7535567347898,1.0003918
1703.7549456261133,1.0009394
1703.7563345174374,1.0002648
1703.7577234089938,0.999903
1703.7591123003178,0.9990662
1703.7605011916414,0.99969673
1703.7618900831974,0.99754244
1703.7632789745205,1.0004313
1703.764667865845,0.9976156
1703.7660567574023,0.9990492
1703.7674456487255,0.9997997
1703.7688345400486,0.99993664
1703.770223431605,1.0006877
1703.7716123229281,0.9988342
1703.7730012142517,0.997201
1703.774390105809,1.0000052
1703.775778997133,0.99740785
1703.7771678884562,0.99863124
1703.7785567800122,0.99742126
1703.7799456713365,1.000076
1703.7813345626607,0.99566096
1703.7827234542167,0.99721843
1703.7841123455398,0.9982785
1703.7855012368639,0.9981656
1703.7868901284198,0.9970707
1703.7882790197434,0.9968809
1703.789667911068,0.9967458
1703.7910568026243,0.99703115
1703.7924456939475,0.9967821
1703.7938345852706,0.99655366
1703.7952234768275,0.9981839
1703.796612368151,0.9951877
1703.7980012594749,0.998695
1703.7993901507987,0.9960711
1703.800779042355,0.9968
1703.8021679336782,0.9961282
1703.8035568250014,0.9961734
1703.8049457165587,0.99455136
1703.8063346078832,0.9951092
1703.8077234992063,0.9969629
1703.8091123907623,1.0016687
1703.8105012820859,0.9960053
1703.81189017341,0.9971381
1703.8132790647335,0.9968973
1703.8146679562904,0.9982582
1703.816056847614,0.9971481
1703.817445738937,0.996619
1703.8188346302602,0.995785
1703.8202235218175,0.9961527
1703.821612413142,0.9951703
1703.8230013044652,0.9949166
1703.824390196021,0.9940407
1703.8257790873447,0.9939971
1703.8271679786678,0.9911281
1703.8285568699914,0.99443346
1703.8299457615487,0.99545527
1703.8313346528728,0.9952521
1703.832723544196,0.9933591
1703.8341124355188,0.99312663
1703.8355013270755,0.9909812
1703.8368902184,0.99182934
1703.8382791097235,0.99271107
1703.8396680010467,0.9918998
1703.8410568926035,0.9916595
1703.8424457839265,0.99356675
1703.8438346752503,0.9956753
1703.8452235665748,0.994516
1703.8466124581312,0.99229205
1703.8480013494543,0.9927344
1703.8493902407774,0.9941144
1703.8507791321015,0.99228966
1703.852168023425,0.99303603
1703.8535569149815,0.9901693
1703.8549458063055,0.99339175
1703.856334697629,0.9930513
1703.8577235889522,0.99249005
1703.8591124805082,0.99417216
1703.8605013718327,0.9933623
1703.8618902631572,0.99292785
1703.8632791544803,0.993768
1703.8646680458035,0.9908273
1703.8660569373599,0.98962826
1703.867445828683,0.9901839
1703.868834720007,0.98897415
1703.8702236113313,0.9902768
1703.8716125026551,0.9930593
1703.873001394211,0.9937348
1703.8743902855342,0.9933648
1703.8757791768587,0.9904724
1703.8771680681832,0.99112576
1703.8785569595063,0.9905518
1703.879945851062,0.9889071
1703.881334742386,0.99180734
1703.882723633709,0.99170196
1703.8841125250326,0.99207884
1703.885501416357,0.9910597
1703.886890307914,0.9911641
1703.8882791992369,0.9858394
1703.8896680905598,0.9895108
1703.8910569818838,0.9900367
1703.8924458732074,0.9910902
1703.8938347645314,0.99096006
1703.8952236560879,0.9882816
1703.896612547412,0.9915527
1703.8980014387348,0.9879211
1703.8993903300586,0.99104077
1703.9007792213831,0.99075097
1703.9021681127067,0.99216676
1703.9035570042627,0.9930621
1703.9049458955858,0.9898708
1703.9063347869096,0.99221945
1703.9077236782334,0.9889402
1703.909112569557,0.9910707
1703.910501460881,0.991123
1703.9118903524375,0.991046
1703.9132792437606,0.98883075
1703.9146681350837,0.99069345
1703.9160570264082,0.9895823
1703.9174459177327,0.9921456
1703.9188348090559,0.99107516
1703.920223700379,0.990115
1703.9216125919354,0.99094856
1703.9230014832585,0.988937
1703.9243903745823,0.9881609
1703.9257792659066,0.9915663
1703.9271681572307,0.9885926
1703.9285570485538,0.99172723
1703.929945939877,0.98901284
1703.9313348312014,0.98957884
1703.9327237227587,0.9912089
1703.9341126140816,0.9914733
1703.9355015054045,0.9902699
1703.9368903967286,0.9890256
1703.9382792880517,0.99092764
1703.9396681793753,0.9920931
1703.9410570706998,0.99470955
1703.9424459620236,0.9897881
1703.9438348533465,0.98906994
1703.9452237449025,0.98948383
1703.9466126362265,0.98681617
1703.94800152755,0.98823816
1703.9493904188741,0.9899174
1703.9507793101977,0.98777074
1703.9521682015215,0.99107033
1703.9535570928444,0.9880343
1703.9549459841676,0.9879316
1703.956334875492,0.9875226
1703.9577237668166,0.98828757
1703.9591126581397,0.9896058
1703.9605015496957,0.9881988
1703.9618904410192,0.9902881
1703.9632793323433,0.98830587
1703.9646682236669,0.9904333
1703.966057114991,0.988258
1703.9674460063145,0.989398
1703.9688348976376,0.99024004
1703.9702237889608,0.9887482
1703.9716126802853,0.9893575
1703.9730015716098,0.98817617
1703.974390462933,0.9865194
1703.975779354256,0.98927706
1703.9771682455796,0.98998505
1703.9785571369027,0.988484
1703.9799460284592,0.98715883
1703.9813349197836,0.991488
1703.9827238111077,0.99012935
1703.9841127024308,0.9898179
1703.985501593754,0.99094796
1703.9868904850775,0.98721236
1703.988279376402,0.987476
1703.9896682677256,0.9914553
1703.9910571590488,0.98688215
1703.9924460503728,0.98776263
1703.993834941696,0.9903071
1703.9952238330195,0.99041843
1703.996612724344,0.98817265
1703.9980016156678,0.9905772
1703.9993905069907,0.99103117
1704.0007793983139,0.9894015
1704.002168289638,0.9912477
1704.0035571809615,0.9902224
1704.0049460722855,0.98945355
1704.006334963609,0.9911496
1704.0077238549327,0.9900054
1704.0091127462558,0.99040055
1704.010501637579,0.9914749
1704.0118905289035,0.98903763
1704.013279420228,0.9909771
1704.014668311551,0.99060416
1704.0160572028742,0.9909566
1704.0174460941978,0.9892431
1704.0188349855218,0.98968464
1704.0202238768454,0.990699
1704.0216127681695,0.9927254
1704.023001659493,0.98840404
1704.0243905508162,0.99363536
1704.0257794421393,0.9899397
1704.0271683334638,0.9938337
1704.0285572247883,0.99070895
1704.0299461161114,0.99121886
1704.0313350074346,0.9944894
1704.0327238987581,0.9903028
1704.0341127900813,0.9942606
1704.0355016814049,0.99145377
1704.0368905727294,0.9913128
1704.0382794640534,0.98865753
1704.0396683553765,0.9908137
1704.0410572466997,0.99051225
1704.0424461380233,0.99321157
1704.0438350293477,0.99096614
1704.0452239206713,0.9895844
1704.0466128119945,0.9901327
1704.0480017033185,0.9887595
1704.0493905946416,0.9888094
1704.0507794859652,0.9885551
1704.0521683772897,0.99159
1704.0535572686133,0.9904814
1704.0549461599364,0.9895358
1704.0563350512596,0.9914758
1704.0577239425836,0.9902902
1704.0591128339072,0.98989064
1704.060501725231,0.9895441
1704.0618906165548,0.9909352
1704.0632795078784,0.9895797
1704.0646683992015,0.98722905
1704.0660572905247,0.9922826
1704.0674461816163,0.9907464
1704.0688350729408,0.98921216
1704.070223964264,0.9922946
1704.071612855587,0.9899465
1704.0730017469107,0.989223
1704.0743906382338,0.9897342
1704.0757795295578,0.98905915
1704.0771684208823,0.98935187
1704.078557312206,0.98996365
1704.079946203529,0.9894415
1704.0813350948522,0.98802483
1704.0827239861767,0.9922738
1704.0841128775012,0.98860025
1704.0855017688243,0.98801476
1704.0868906601472,0.9896654
1704.0882795512382,0.9896038
1704.0896684425613,0.9892169
1704.091057333885,0.98928875
1704.0924462252094,0.9921109
1704.0938351165335,0.9886145
1704.0952240078566,0.9890282
1704.0966128991795,0.9876844
1704.0980017905033,0.9877642
1704.0993906818278,0.9894926
1704.1007795731514,0.99039876
1704.1021684642417,0.9906467
1704.1035573555657,0.98956317
1704.1049462468886,0.98905
1704.1063351382115,0.99124384
1704.107724029536,0.9908279
1704.1091129208605,0.98987633
1704.1105018121837,0.98899686
1704.1118907035068,0.98907924
1704.1132795948308,0.98926765
1704.114668486155,0.9910134
1704.116057377246,0.99121803
1704.1174462685692,0.99079
1704.1188351598928,0.9895939
1704.120224051216,0.9899969
1704.121612942539,0.99056226
1704.1230018338636,0.98917776
1704.124390725188,0.9898366
1704.1257796165112,0.9912997
1704.1271685076015,0.98973304
1704.128557398925,0.990634
1704.1299462902482,0.98998445
1704.1313351815722,0.9898499
1704.1327240728965,0.9912247
1704.1341129642203,0.98949945
1704.1355018555435,0.9904566
1704.1368907466338,0.99169296
1704.1382796379573,0.98985153
1704.1396685292818,0.9911342
1704.1410574206059,0.9912573
1704.1424463119288,0.9911194
1704.1438352032526,0.98950887
1704.145224094343,0.98963493
1704.1466129856665,0.9923126
1704.148001876991,0.99070436
1704.149390768315,0.9900723
1704.150779659638,0.99261606
1704.1521685509608,0.9899412
1704.1535574422849,0.99267036
1704.1549463333765,0.9933285
1704.1563352247001,0.9924769
1704.1577241160232,0.99212253
1704.1591130073473,0.9926218
1704.1605018986702,0.9911276
1704.1618907897603,0.9901908
1704.1632796810848,0.99232
1704.1646685724093,0.99128234
1704.1660574637324,0.9934891
1704.1674463550555,0.9905576
1704.1688352463793,0.9929045
1704.1702241374708,0.9929538
1704.1716130287948,0.9926657
1704.173001920118,0.9944614
1704.1743908114415,0.9916773
1704.1757797027647,0.9921777
1704.177168593855,0.9921661
1704.1785574851795,0.9937851
1704.179946376504,0.9920159
1704.181335267827,0.991194
1704.1827241591502,0.9934606
1704.184113050241,0.9941837
1704.185501941565,0.99265105
1704.1868908328886,0.99188006
1704.1882797242122,0.9932534
1704.1896686155362,0.9936256
1704.1910575066265,0.99383736
1704.1924463979497,0.99515176
1704.1938352892732,0.9931356
1704.1952241805977,0.992728
1704.1966130716887,0.9929071
1704.1980019630116,0.9932096
1704.1993908543357,0.99259
1704.2007797456588,0.9934078
1704.2021686369824,0.99469054
1704.203557528074,0.9935012
1704.2049464193979,0.9922786
1704.2063353107208,0.9918585
1704.207724202044,0.9969841
1704.209113093135,0.99157155
1704.2105019844596,0.9935413
1704.2118908757832,0.9945354
1704.2132797671063,0.99486643
1704.2146686581973,0.9973869
1704.2160575495202,0.9954146
1704.2174464408433,0.9939289
1704.2188353321678,0.99713874
1704.2202242232595,0.99542814
1704.2216131145826,0.995071
1704.2230020059058,0.99379027
1704.2243908972293,0.9977625
1704.2257797883206,0.99361163
1704.2271686796441,0.995392
1704.2285575709682,0.9963424
1704.2299464622918,0.9958573
1704.231335353382,0.9981355
1704.2327242447052,0.9948322
1704.2341131360297,0.9952517
1704.2355020273542,0.99446845
1704.2368909184445,0.9994014
1704.2382798097676,0.9955914
1704.2396687010912,0.9977524
1704.2410575921822,0.9985711
1704.242446483506,0.9988679
1704.2438353748296,0.9966026
1704.2452242661536,0.9997301
1704.246613157244,0.99893856
1704.248002048567,0.99905074
1704.252168722306,1.002552
1704.253557613629,1.0010606
1704.254946504953,1.0006067
1704.2563353960438,1.0004739
1704.257724287367,1.0026801
1704.2591131786908,1.0000318
1704.2605020697822,1.0020441
1704.2618909611053,1.0019133
1704.2632798524285,0.99834394
1704.2646687435197,0.9975344
1704.2660576348442,1.0002912
1704.2674465261678,0.9987711
1704.268835417491,0.9996451
1704.2702243085816,1.0016837
1704.2716131999057,0.9985263
1704.2730020912288,0.99946696
1704.2743909823196,1.0005178
1704.275779873644,0.997675
1704.2771687649672,0.99818856
1704.2785576560575,0.998285
1704.279946547381,1.0001911
1704.2813354387051,1.0026766
1704.2827243297959,0.99830484
1704.28411322112,1.0004013
1704.2855021124435,0.9994538
1704.2868910035338,1.0011126
1704.288279894857,1.0000972
1704.2896687861814,0.99991906
1704.291057677273,1.0017045
1704.2924465685962,1.0030123
1704.2938354599194,1.0009341
1704.2952243510101,1.0023402
1704.2966132423337,1.0000259
1704.2980021336577,1.000495
1704.2993910247485,1.0005753
1704.3007799160725,1.0007608
1704.3021688073957,1.0007881
1704.303557698486,0.99940336
1704.3049465898096,1.0020062
1704.3063354809012,1.0007073
1704.3077243722248,1.0018506
1704.309113263548,1.001268
1704.3105021546392,0.9999963
1704.3118910459627,1.0005758
1704.3132799372859,1.0003344
1704.3146688283766,0.99999046
1704.3160577197011,1.0007957
1704.3174466110243,1.0018283
1704.3188355021146,0.9986578
1704.3202243934386,0.99774384
1704.3216132845303,0.99775124
1704.3230021758538,0.9966968
1704.324391067177,1.0003695
1704.3257799582677,0.99863106
1704.3271688495918,1.0009797
1704.328557740915,0.99814
1704.3299466320057,0.9990177
1704.3313355233302,0.99901044
1704.3327244144205,0.9999344
1704.3341133057436,0.99904776
1704.3355021970672,0.9980743
1704.3368910881584,1.0003399
1704.338279979482,1.0007272
1704.3396688705732,0.99829644
1704.3410577618968,0.9995231
1704.3424466532203,1.0025538
1704.3438355443107,0.99823457
1704.3452244356338,1.0019752
1704.3466133267254,0.99977666
1704.3480022180495,0.9994934
1704.352168891787,1.0012629
1704.3535577828782,1.0011969
1704.3549466742018,0.99983114
1704.356335565293,1.0024886
1704.3577244566166,1.0013436
1704.3591133479397,1.0001954
1704.36050223903,1.0015557
1704.3618911303545,1.0022345
1704.3632800214452,0.9971618
1704.3646689127684,0.9991986
1704.3660578040924,0.99849063
1704.3674466951832,0.9986495
1704.3688355865063,0.99954563
1704.370224477597,0.9978274
1704.3716133689215,0.9979214
1704.3730022600128,0.9967562
1704.3743911513359,0.9984343
1704.3757800424262,1.0007535
1704.3771689337498,0.9964154
1704.3785578250734,0.9993345
1704.3799467161646,0.9968025
1704.3813356074882,0.99800795
1704.3827244985794,0.99670774
1704.3841133899025,0.99611336
1704.3855022809933,0.99710506
1704.3868911723177,0.9997008
1704.388280063408,0.995609
1704.3896689547312,0.99575436
1704.391057845822,0.99675775
1704.392446737146,0.9947912
1704.3938356284696,0.9959337
1704.3952245195605,0.99511224
1704.3966134108844,0.9967042
1704.398002301975,0.99456227
1704.3993911932982,0.99522334
1704.4007800843885,0.9954876
1704.402168975713,0.9947892
1704.403557866804,0.9963857
1704.404946758127,0.99401444
1704.4063356492181,0.9950683
1704.4077245405417,0.9959918
1704.409113431632,0.9951219
1704.410502322956,0.99388504
1704.4118912140477,0.99538165
1704.4132801053713,0.9975008
1704.4146689964616,0.99479294
1704.4160578877847,0.9958765
1704.4174467788764,0.9943789
1704.4188356702,0.99252015
1704.4202245612903,0.9942267
1704.4216134526143,0.9934329
1704.423002343705,0.9931806
1704.4243912350282,0.9941387
1704.425780126119,0.99370843
1704.4271690174435,0.99556416
1704.4285579085347,0.99593985
1704.4299467998578,0.9939451
1704.431335690948,0.9940224
1704.4327245822717,0.9945962
1704.4341134733625,0.9954789
1704.4355023646865,0.9916875
1704.4368912557773,0.9920197
1704.4382801471013,0.9942379
1704.4396690381914,0.993726
1704.4410579295152,0.9929825
1704.4424468206068,0.9927636
1704.4438357119304,0.99160695
1704.4452246030207,0.99197185
1704.4466134943439,0.99242723
1704.448002385435,0.99344873
1704.4493912767587,0.9920422
1704.4507801678494,0.9911844
1704.4521690591735,0.99405783
1704.4535579502642,0.9921142
1704.4549468415873,0.99237865
1704.4563357326776,0.9921808
1704.4577246237693,0.9910648
1704.4591135150938,0.99197036
1704.460502406184,0.99253654
1704.4618912975072,0.9898196
1704.463280188598,0.99129295
1704.4646690799211,0.9913185
1704.4660579710123,0.9909296
1704.4674468623366,0.9906542
1704.4688357534276,0.99099326
1704.4702246445179,0.991746
1704.471613535841,0.9907407
1704.4730024269327,0.9933304
1704.4743913182572,0.9921411
1704.4757802093475,0.99041325
1704.4771691006704,0.9905723
1704.4785579917614,0.99070936
1704.4799468830845,0.9905496
1704.4813357741752,0.9906641
1704.482724665267,0.99049824
1704.484113556591,0.9887371
1704.485502447681,0.9913738
1704.486891339004,0.99115473
1704.4882802300951,0.98959464
1704.4896691214196,0.9899005
1704.4910580125104,0.98760873
1704.4924469036007,0.9904296
1704.4938357949247,0.98941386
1704.4952246860148,0.9920463
1704.4966135773377,0.9889427
1704.4980024684294,0.98658544
1704.499391359521,0.9887064
1704.5007802508442,0.98991084
1704.5021691419345,0.98929834
1704.5035580332583,0.98979264
1704.5049469243497,0.9893996
1704.506335815441,0.9879086
1704.507724706764,0.989611
1704.5091135978548,0.99064946
1704.510502489178,0.9853815
1704.5118913802683,0.9899113
1704.51328027136,0.9895878
1704.5146691626844,0.99018115
1704.5160580537747,0.9901615
1704.5174469450978,0.9878509
1704.5188358361886,0.9877239
1704.5202247272798,0.991129
1704.5216136186034,0.99038297
1704.5230025096942,0.9894499
1704.5243914010182,0.9888764
1704.5257802921085,0.9905228
1704.5271691831988,0.9894183
1704.5285580745224,0.98916703
1704.529946965614,0.9873288
1704.531335856705,0.988583
1704.532724748028,0.9876988
1704.5341136391191,0.989923
1704.5355025304427,0.9887892
1704.536891421534,0.98726344
1704.5382803126247,0.9902132
1704.5396692039485,0.98866826
1704.5410580950386,0.9917083
1704.5424469861289,0.99119693
1704.543835877453,0.99096656
1704.5452247685446,0.98745316
1704.5466136596353,0.99267143
1704.5480025509585,0.98987806
1704.5493914420495,0.9897583
1704.5507803333724,0.99131775
1704.5521692244627,0.98965865
1704.5535581155543,0.9907618
1704.5549470068788,0.9909466
1704.5563358979691,0.9898789
1704.5577247890594,0.99151164
1704.559113680383,0.9895838
1704.5605025714747,0.99143887
1704.5618914625659,0.99258715
1704.563280353889,0.9907808
1704.5646692449798,0.99060744
1704.56605813607,0.9889124
1704.5674470273932,0.9908732
1704.5688359184849,0.9919213
1704.5702248095765,0.99324656
1704.5716137008997,0.9909679
1704.57300259199,0.98982376
1704.5743914830807,0.9898785
1704.5757803744045,0.9884327
1704.5771692654955,0.9906507
1704.5785581565863,0.9915043
1704.5799470479103,0.99017
1704.5813359390006,0.9913509
1704.582724830091,0.9918365
1704.5841137214145,0.9905336
1704.5855026125062,0.9891121
1704.586891503597,0.9913496
1704.5882803946872,0.9916698
1704.5896692860113,0.9910321
1704.591058177102,0.9895996
1704.5924470681932,0.98872733
1704.5938359595168,0.9927705
1704.5952248506078,0.9899158
1704.5966137416979,0.99231035
1704.598002633021,0.9903272
1704.5993915241122,0.9916924
1704.6007804152039,0.9909182
1704.6021693062946,0.9903113
1704.6035581976178,0.9891424
1704.6049470887085,0.9886987
1704.6063359797997,0.990732
1704.6077248711229,0.99304074
1704.6091137622136,0.9907656
1704.6105026533053,0.9894255
1704.6118915443956,0.99352115
1704.6132804357187,0.99775
1704.6146693268095,1.0000799
1704.6160582179007,1.0025303
1704.6243915649113,1.0027009
1704.625780456003,1.0032382
1704.6271693470933,1.0034955
1704.6327249116891,1.0035162
1704.6341138030127,1.0024664
1704.635502694104,1.002097
1704.6382804765178,1.0022823
1704.6396693676081,1.0029826
1704.6410582586998,1.0017102
1704.6424471497905,0.99986476
1704.6438360411137,0.9992565
1704.6452249322049,0.99787277
1704.6466138232956,0.9983743
1704.648002714386,0.9971235
1704.6493916054767,1.0012661
1704.6507804968012,0.9987576
1704.6521693878924,0.99897945
1704.6535582789827,0.9997868
1704.654947170073,0.9982195
1704.6563360613975,0.99556655
1704.6577249524883,0.99618864
1704.6591138435786,0.99776864
1704.6605027346693,0.9978091
1704.6618916259933,0.9985561
1704.6632805170836,0.99428093
1704.6646694081744,0.9958692
1704.666058299266,0.99332106
1704.667447190357,0.99403775
1704.66883608168,0.9910592
1704.6702249727703,0.9951559
1704.6716138638615,0.9929295
1704.6730027549522,0.9923987
1704.6743916462763,0.99500364
1704.675780537367,0.9964707
1704.6771694284578,0.99321896
1704.678558319548,0.9934115
1704.6799472106384,0.99321216
1704.6813361019629,0.9933525
1704.6827249930545,0.9926334
1704.6841138841448,0.99261594
1704.6855027752351,0.9951321
1704.686891666326,0.99526227
1704.68828055765,0.9934203
1704.6896694487407,0.9928319
1704.691058339832,0.99236166
1704.6924472309227,0.9913466
1704.693836122013,0.9932282
1704.695225013336,0.9938257
1704.6966139044277,0.9922208
1704.6980027955194,0.9942963
1704.6993916866097,0.9921774
1704.7007805777,0.99370706
1704.7021694687908,0.9932116
1704.703558360114,0.99246985
1704.7049472512047,0.9936731
1704.7063361422963,0.99247557
1704.7077250333875,0.9956247
1704.7091139244778,0.9932388
1704.710502815801,0.9935681
1704.7118917068924,0.9908689
1704.7132805979838,0.99480605
1704.7146694890741,0.9929178
1704.7160583801644,0.99234754
1704.7174472712557,0.9911278
1704.7188361625788,0.995983
1704.7202250536695,0.9913857
1704.7216139447612,0.9920229
1704.723002835852,0.99079233
1704.7243917269423,0.99250937
1704.7257806180326,0.99214524
1704.7271695091238,0.99361223
1704.7285584004483,0.9905678
1704.729947291539,0.99354035
1704.7313361826293,0.9920268
1704.73272507372,0.99343044
1704.7341139648104,0.9917497
1704.7355028559007,0.9911699
1704.7368917472252,0.9908137
1704.7382806383168,0.9895175
1704.7396695294071,0.9910124
1704.7410584204974,0.9931815
1704.7424473115882,0.9945649
1704.7438362026799,0.99063754
1704.745225093771,0.99145436
1704.7466139848614,0.99213475
1704.748002876185,0.9924529
1704.7493917672753,0.9934299
1704.7507806583656,0.9915489
1704.7521695494572,0.9911664
1704.7535584405489,0.9912378
1704.7549473316392,0.99466467
1704.7563362227295,0.992454
1704.7577251138202,0.9947052
1704.7591140051438,0.9917119
1704.760502896235,0.9934156
1704.7618917873258,0.9937211
1704.763280678417,0.99284565
1704.7646695695073,0.99331456
1704.7660584605974,0.99269426
1704.7674473516884,0.99329716
1704.76883624278,0.9925797
1704.7702251341036,0.9933455
1704.771614025194,0.99355465
1704.7730029162851,0.99379045
1704.7743918073759,0.9954735
1704.7757806984669,0.9946602
1704.7771695895578,0.99291086
1704.7785584806486,0.99426734
1704.779947371739,0.9964638
1704.7813362628292,0.99239385
1704.7827251539204,0.99511427
1704.784114045245,0.9942687
1704.7855029363357,0.9955531
1704.786891827426,0.9960784
1704.7882807185167,0.9943893
1704.789669609608,0.9960673
1704.7910585006982,0.99252343
1704.792447391789,0.9956881
1704.7938362828806,0.99474525
1704.795225173971,0.9951614
1704.7966140650612,0.99515975
1704.798002956152,0.9939166
1704.7993918472432,0.9956027
1704.8007807385668,0.99552023
1704.8021696296578,0.99381965
1704.8035585207488,0.9958149
1704.8049474118395,0.994926
1704.8063363029298,0.99712455
1704.807725194021,0.9951215
1704.8091140851127,0.99341804
1704.810502976203,0.99505055
1704.811891867293,0.99586314
1704.813280758384,0.9959066
1704.8146696494748,0.9978944
1704.816058540566,0.99516875
1704.8174474316568,0.99531204
1704.818836322748,0.9957765
1704.8202252138387,0.99508655
1704.821614104929,0.9993322
1704.8230029962522,0.9976221
1704.8243918873438,0.9954009
